,Product Title,Product URL,Price,Stock Level
36,Mechanicum: Tech-thralls Covenant,https://www.waylandgames.co.uk/mechanicum-tech-thralls-covenant-99123016005,£38.00,10+ in stock
37,Warriors of Chaos: Chaos Warriors,https://www.waylandgames.co.uk/warriors-of-chaos-chaos-warriors-99122701003,£42.00,10+ in stock
38,Mechanicum: Triaros Armoured Conveyor,https://www.waylandgames.co.uk/mechanicum-triaros-armoured-conveyor-99123016006,£45.60,10+ in stock
40,Warriors of Chaos: Champion of Chaos,https://www.waylandgames.co.uk/warriors-of-chaos-champion-of-chaos-99122701002,£15.00,10+ in stock
41,Legions Imperialis: Leman Russ Exterminator and Annihilator Squadron,https://www.waylandgames.co.uk/legions-imperialis-leman-russ-exterminator-and-annihilator-squadron-99122605012,£25.20,10+ in stock
42,Warriors of Chaos: Chaos Lord on Manticore,https://www.waylandgames.co.uk/warriors-of-chaos-chaos-lord-on-manticore-99122701001,£38.00,10+ in stock
43,Warriors of Chaos: Sorcerer of Chaos,https://www.waylandgames.co.uk/warriors-of-chaos-sorcerer-of-chaos-99122701012,£15.00,10+ in stock
45,Dwarfen Mountain Holds: Gyrocopters / Gyrobombers,https://www.waylandgames.co.uk/dwarfen-mountain-holds-gyrocopters-gyrobombers-99122705007,£38.00,10+ in stock
46,Mechanicum: Thallax Cohort,https://www.waylandgames.co.uk/mechanicum-thallax-cohort-99123016002,£38.00,10+ in stock
48,Mechanicum: Castellax Battle-automata Maniple,https://www.waylandgames.co.uk/mechanicum-castellax-battle-automata-maniple-99123016003,£38.00,10+ in stock
50,Dwarfen Mountain Holds: Dwarf Warriors,https://www.waylandgames.co.uk/dwarfen-mountain-holds-dwarf-warriors-99122705002,£42.00,10+ in stock
51,Skaven: Warp-Grinder,https://www.waylandgames.co.uk/skaven-warp-grinder-99120206047,£22.40,10+ in stock
52,Dwarfen Mountain Holds: Dwarf Quarrellers / Thunderers,https://www.waylandgames.co.uk/dwarfen-mountain-holds-dwarf-quarrellers-thunderers-99122705003,£42.00,10+ in stock
53,Skaven: Warplock Jezzails,https://www.waylandgames.co.uk/skaven-warplock-jezzails-99120206051,£25.20,10+ in stock
54,Legions Imperialis: Termite Assault Drills,https://www.waylandgames.co.uk/legions-imperialis-termite-assault-drills-99122699019,£25.20,10+ in stock
56,Dwarfen Mountain Holds: Dwarf Miners,https://www.waylandgames.co.uk/dwarfen-mountain-holds-dwarf-miners-99122705006,£32.00,10+ in stock
57,Skaven: Rat Ogors,https://www.waylandgames.co.uk/skaven-rat-ogors-99120206043,£29.60,10+ in stock
58,"Legions Imperialis: Shadowswords, Stormblades and Stormswords",https://www.waylandgames.co.uk/legions-imperialis-shadowswords-stormblades-and-stormswords-99122605010,£25.20,10+ in stock
59,Battletome: Skaven - 4th Edition - English,https://www.waylandgames.co.uk/battletome-skaven-4th-edition-english-60030206009,£31.45,10+ in stock
60,Mechanicum: Archmagos Prime,https://www.waylandgames.co.uk/mechanicum-archmagos-prime-99123016004,£19.20,10+ in stock
61,Skaven: Krittok Foulblade,https://www.waylandgames.co.uk/skaven-krittok-foulblade-99120206052,£20.00,10+ in stock
62,Warcry: Pyregheists,https://www.waylandgames.co.uk/warcry-pyregheists-99120207156,£32.00,10+ in stock
63,Legions Imperialis: Devastation of Tallarn,https://www.waylandgames.co.uk/legions-imperialis-devastation-of-tallarn-60042699004,£26.78,10+ in stock
64,Legions Imperialis: Leman Russ Executioner and Demolisher Squadron,https://www.waylandgames.co.uk/legions-imperialis-leman-russ-executioner-and-demolisher-squadron-99122605011,£25.20,10+ in stock
65,Warcry: Ydrilan Riverblades,https://www.waylandgames.co.uk/warcry-ydrilan-riverblades-99120210061,£32.00,10+ in stock
66,Battle Tank Turret: Plasma Cannon,https://www.waylandgames.co.uk/battle-tank-turret-plasma-cannon-krvb089,£9.31,10+ in stock
67,Orc Goliath Mines,https://www.waylandgames.co.uk/orc-goliath-mines-krm010,£7.56,10+ in stock
68,Legionary Heavy Weapon Platform: Storm Cannon,https://www.waylandgames.co.uk/legionary-heavy-weapon-platform-storm-cannon-krm115,£11.46,10+ in stock
69,Greatcoat Orc Squad Leader,https://www.waylandgames.co.uk/greatcoat-orc-squad-leader-krm051,£5.91,10+ in stock
70,Orc Field Chirurgeon,https://www.waylandgames.co.uk/orc-field-chirurgeon-krm012,£7.56,10+ in stock
71,Morbid Preatorians Legs,https://www.waylandgames.co.uk/morbid-preatorians-legs-krcb073,£5.91,10+ in stock
72,Orc Flying Ace,https://www.waylandgames.co.uk/orc-flying-ace-krm029,£6.90,10+ in stock
73,Legionary APC Turret: Twin Searchlight (1),https://www.waylandgames.co.uk/legionary-apc-turret-twin-searchlight-1-krvb030,£7.47,10 in stock
74,Clanking Behemoth,https://www.waylandgames.co.uk/clanking-behemoth-krvb013,£20.61,10 in stock
75,Sons of Thor Doors,https://www.waylandgames.co.uk/sons-of-thor-doors-krvb033,£5.91,10 in stock
76,Legionary Magma Pistols,https://www.waylandgames.co.uk/legionary-magma-pistols-krcb129,£4.50,9 in stock
77,Gravity Distorters,https://www.waylandgames.co.uk/gravity-distorters-krcb091,£4.50,9 in stock
78,Killa Gnaw 3,https://www.waylandgames.co.uk/killa-gnaw-3-krm156,£12.96,8 in stock
79,Prime Legionaries Assault Thunder Carbines,https://www.waylandgames.co.uk/prime-legionaries-assault-thunder-carbines-krcb252,£5.49,8 in stock
80,Sunbeam Pattern Laser Rifles,https://www.waylandgames.co.uk/sunbeam-pattern-laser-rifles-krcb104,£4.50,8 in stock
81,Windfall oval 105x70mm karni (1),https://www.waylandgames.co.uk/windfall-oval-105x70mm-karni-1-krrb032,£4.58,8 in stock
82,Orc Juggernaut Mecha-Armour,https://www.waylandgames.co.uk/orc-juggernaut-mecha-armour-krm014,£11.79,7 in stock
83,Hive City Street Lights,https://www.waylandgames.co.uk/hive-city-street-lights-krts065,£4.50,7 in stock
84,Windfall Round 130mm (1),https://www.waylandgames.co.uk/windfall-round-130mm-1-krrb037,£7.47,7 in stock
85,Orc Spitfire Assault Speeder,https://www.waylandgames.co.uk/orc-spitfire-assault-speeder-krvb015,£17.91,6 in stock
86,Orc Incinerator Team (5),https://www.waylandgames.co.uk/orc-incinerator-team-5-krm088,£15.42,6 in stock
87,Clanking Destroyer,https://www.waylandgames.co.uk/clanking-destroyer-krm001,£5.91,6 in stock
88,Gore Legion Chain Swords - Left,https://www.waylandgames.co.uk/gore-legion-chain-swords-left-krcb240,£4.98,6 in stock
89,Legionary Gravity Pistols,https://www.waylandgames.co.uk/legionary-gravity-pistols-krcb128,£4.50,6 in stock
90,"7x Weapon Team Tray (for 2 Models, 25mm Round Bases)",https://www.waylandgames.co.uk/7x-weapon-team-tray-for-2-models-25mm-round-bases-khbas007,£2.97,6 in stock
91,Cyber Samurai Thunder Shields (3),https://www.waylandgames.co.uk/cyber-samurai-thunder-shields-3-krcb355,£4.98,5 in stock
92,Dvergr Commando Medic,https://www.waylandgames.co.uk/dvergr-commando-medic-krm129,£4.98,5 in stock
93,Legionary Sentry Gun: Twin Searchlight (1),https://www.waylandgames.co.uk/legionary-sentry-gun-twin-searchlight-1-krm120,£6.23,5 in stock
94,Legionary Sentry Gun: Magma Cannon with Searchlight (1),https://www.waylandgames.co.uk/legionary-sentry-gun-magma-cannon-with-searchlight-1-krm119,£7.47,5 in stock
95,Legionary Sentry Gun: Twin Magma Cannon (1),https://www.waylandgames.co.uk/legionary-sentry-gun-twin-magma-cannon-1-krm118,£7.47,5 in stock
96,Dvergr Commando Medic Team,https://www.waylandgames.co.uk/dvergr-commando-medic-team-krm099,£8.46,5 in stock
97,Iron Reich Goblin Flamer Team,https://www.waylandgames.co.uk/iron-reich-goblin-flamer-team-krm080,£6.48,5 in stock
98,Snagrat Kromm - Orc Commander (1),https://www.waylandgames.co.uk/snagrat-kromm-orc-commander-1-krm031,£5.91,5 in stock
99,Citadel Synthetic Shade Brush (Medium),https://www.waylandgames.co.uk/citadel-synthetic-shade-brush-medium-99199999069,£4.25,10+ in stock
100,Disney Lorcana: Into the Inklands - Starter Deck - Moana and Scrooge McDuck,https://www.waylandgames.co.uk/disney-lorcana-into-the-inklands-starter-deck-moana-and-scrooge-mcduck-rav11098305-a,£15.29,10+ in stock
101,Disney Lorcana: Into the Inklands - Starter Deck - Pongo and Peter Pan,https://www.waylandgames.co.uk/disney-lorcana-into-the-inklands-starter-deck-pongo-and-peter-pan-rav11098305-b,£15.29,10+ in stock
108,Disney Lorcana: Rise of the Floodborn - Starter Deck - The Queen and Gaston,https://www.waylandgames.co.uk/disney-lorcana-trading-card-game-starter-deck-deck-a-lor-11098264-a,£15.29,10+ in stock
109,Battletome: Flesh-eater Courts - 3rd Edition - English,https://www.waylandgames.co.uk/battletome-flesh-eater-courts-3rd-edition-english-60030207018,£27.63,10+ in stock
110,Stormvault Skirmish Case,https://www.waylandgames.co.uk/stormvault-skirmish-case-99239999124,£29.60,10+ in stock
111,Disney Lorcana: Rise of the Floodborn - Starter Deck - Merlin and Tiana,https://www.waylandgames.co.uk/disney-lorcana-trading-card-game-starter-deck-deck-b-lor-11098264-b,£15.29,10+ in stock
112,Toil and Trouble Rotten Harvest - Zoraida Limited Edition,https://www.waylandgames.co.uk/toil-and-trouble-rotten-harvest-zoraida-ltd-wyr21411,£50.40,10+ in stock
113,Rotten Harvest: Dia De Los Muertos,https://www.waylandgames.co.uk/dia-de-los-muertos-wyr21422,£49.05,10+ in stock
115,Pokemon TCG: Q3 Poke Ball Tin,https://www.waylandgames.co.uk/pokemon-tcg-q3-poke-ball-tin-pok86275,£14.40,10+ in stock
116,Warhammer Age of Sigmar: Skaventide - English,https://www.waylandgames.co.uk/warhammer-age-of-sigmar-skaventide-english-60010299043,£128.00,10+ in stock
117,Ariadna Action Pack,https://www.waylandgames.co.uk/ariadna-action-pack-281133-1066,£68.85,10+ in stock
120,Nomads Action Pack,https://www.waylandgames.co.uk/nomads-action-pack-281533-1065,£68.85,10+ in stock
124,Citadel Synthetic Base Brush (X-Large),https://www.waylandgames.co.uk/citadel-synthetic-base-brush-x-large-99199999075,£5.52,10+ in stock
125,O-12 Torchlight Brigade Action Pack,https://www.waylandgames.co.uk/o-12-torchlight-brigade-action-pack-282027-1071,£85.50,10+ in stock
127,USAriadna Action Pack,https://www.waylandgames.co.uk/usariadna-action-pack-281129-0988,£66.56,10+ in stock
128,Disney Lorcana: Into the Inklands - Illumineer's Trove,https://www.waylandgames.co.uk/disney-lorcana-into-the-inklands-illumineers-trove-rav11098292,£42.49,10+ in stock
130,Really?! Think you know me? Guess again!,https://www.waylandgames.co.uk/really-think-you-know-me-guess-again-rfunn011,£19.98,10+ in stock
